/2017/train/source-images/bluewhiting/ST032-20170520014851087.jpg,686,316,912,829,bluewhiting
/2017/train/source-images/bluewhiting/ST032-20170520014851087.jpg,1186,985,1268,1022,lanternfish
/2017/train/source-images/bluewhiting/ST032-20170520014851087.jpg,697,1,806,41,lanternfish
/2017/train/source-images/bluewhiting/ST037-419-208-20170523003107782.jpg,312,103,692,285,bluewhiting
/2017/train/source-images/bluewhiting/ST037-419-208-20170523003107782.jpg,161,733,206,790,lanternfish
/2017/train/source-images/bluewhiting/ST037-419-208-20170523003107782.jpg,435,830,510,894,lanternfish
/2017/train/source-images/bluewhiting/ST035-274-20170522065939549.jpg,625,759,1110,880,bluewhiting
/2017/train/source-images/bluewhiting/ST033-861-604-20170520194051201.jpg,2,658,385,904,bluewhiting
/2017/train/source-images/bluewhiting/ST035-443-228-20170522065233463.jpg,687,745,1062,1040,bluewhiting
/2017/train/source-images/bluewhiting/ST032-917-20170520023327974.jpg,168,67,641,217,bluewhiting
/2017/train/source-images/bluewhiting/ST032-917-20170520023327974.jpg,742,677,901,755,lanternfish
/2017/train/source-images/bluewhiting/ST033-990-90-20170520193945245.jpg,663,45,1005,332,bluewhiting
/2017/train/source-images/bluewhiting/ST033-990-90-20170520193945245.jpg,176,1,589,107,bluewhiting
/2017/train/source-images/bluewhiting/ST037-672-436-20170523002319750.jpg,1112,396,1231,776,bluewhiting
/2017/train/source-images/bluewhiting/ST037-672-436-20170523002319750.jpg,862,745,885,794,lanternfish
/2017/train/source-images/bluewhiting/ST036-185-20170522202135598.jpg,655,606,1031,926,bluewhiting
/2017/train/source-images/bluewhiting/ST036-185-20170522202135598.jpg,1066,559,1127,625,lanternfish
/2017/train/source-images/bluewhiting/ST032-59-20170520014758046.jpg,109,342,993,672,bluewhiting
/2017/train/source-images/bluewhiting/ST032-59-20170520014758046.jpg,149,801,218,850,lanternfish
/2017/train/source-images/bluewhiting/ST018-20170511143523664.jpg,312,211,947,480,bluewhiting
/2017/train/source-images/bluewhiting/ST018-20170511143523664.jpg,623,58,970,181,bluewhiting
/2017/train/source-images/bluewhiting/ST033-828-575-20170520195049292.jpg,106,568,658,767,bluewhiting
/2017/train/source-images/bluewhiting/ST033-828-575-20170520195049292.jpg,559,334,929,565,bluewhiting
/2017/train/source-images/bluewhiting/ST033-828-575-20170520195049292.jpg,210,784,1197,1040,bluewhiting
/2017/train/source-images/bluewhiting/ST033-828-575-20170520195049292.jpg,155,49,1392,593,bluewhiting
/2017/train/source-images/bluewhiting/ST033-828-575-20170520195049292.jpg,906,751,1392,1036,bluewhiting
/2017/train/source-images/bluewhiting/ST033-828-575-20170520195049292.jpg,200,937,593,1013,bluewhiting
/2017/train/source-images/bluewhiting/ST033-828-575-20170520195049292.jpg,162,889,572,1040,bluewhiting
/2017/train/source-images/bluewhiting/ST033-828-575-20170520195049292.jpg,633,541,1123,1040,bluewhiting
/2017/train/source-images/bluewhiting/ST033-828-575-20170520195049292.jpg,137,1,1158,332,bluewhiting
/2017/train/source-images/bluewhiting/ST033-828-575-20170520195049292.jpg,319,221,746,289,bluewhiting
/2017/train/source-images/bluewhiting/ST033-828-575-20170520195049292.jpg,1,54,296,244,bluewhiting
/2017/train/source-images/bluewhiting/ST035-462-246-20170522072539607.jpg,820,706,1166,799,bluewhiting
/2017/train/source-images/bluewhiting/ST018-20170511143607470.jpg,513,384,695,708,bluewhiting
/2017/train/source-images/bluewhiting/ST018-20170511143607470.jpg,921,210,1392,314,bluewhiting
/2017/train/source-images/bluewhiting/ST018-308-105-20170511150235401.jpg,556,116,946,234,bluewhiting
/2017/train/source-images/bluewhiting/ST036-736-493-20170522202529118.jpg,367,472,840,815,bluewhiting
/2017/train/source-images/bluewhiting/ST035-494-276-20170522073116069.jpg,238,442,527,704,bluewhiting
/2017/train/source-images/bluewhiting/ST018-51-20170511150336038.jpg,659,161,838,536,bluewhiting
/2017/train/source-images/bluewhiting/ST018-51-20170511150336038.jpg,235,72,558,295,bluewhiting
/2017/train/source-images/bluewhiting/20170511143523664.jpg,311,214,947,480,bluewhiting
/2017/train/source-images/bluewhiting/20170511143523664.jpg,623,56,971,183,bluewhiting
/2017/train/source-images/bluewhiting/ST032-20170520012354739.jpg,274,503,1097,961,bluewhiting
/2017/train/source-images/bluewhiting/ST032-20170520012354739.jpg,87,337,231,379,lanternfish
/2017/train/source-images/bluewhiting/ST032-20170520012354739.jpg,1031,1,1387,122,bluewhiting
/2017/train/source-images/bluewhiting/ST032-20170520012354739.jpg,555,1,651,55,lanternfish
/2017/train/source-images/bluewhiting/ST032-20170520012354739.jpg,440,111,486,173,lanternfish
/2017/train/source-images/bluewhiting/ST035-224-20170522070309508.jpg,138,172,498,352,bluewhiting
/2017/train/source-images/bluewhiting/ST032-873-617-20170520012621834.jpg,803,561,1132,686,bluewhiting
/2017/train/source-images/bluewhiting/ST032-873-617-20170520012621834.jpg,76,15,633,185,bluewhiting
/2017/train/source-images/bluewhiting/ST032-873-617-20170520012621834.jpg,523,495,646,542,lanternfish
/2017/train/source-images/bluewhiting/ST032-873-617-20170520012621834.jpg,580,823,779,974,bluewhiting
/2017/train/source-images/bluewhiting/ST032-873-617-20170520012621834.jpg,622,75,666,145,lanternfish
/2017/train/source-images/bluewhiting/ST032-873-617-20170520012621834.jpg,716,53,775,115,lanternfish
/2017/train/source-images/bluewhiting/ST032-873-617-20170520012621834.jpg,865,54,987,88,lanternfish
/2017/train/source-images/bluewhiting/ST032-873-617-20170520012621834.jpg,932,888,997,942,lanternfish
/2017/train/source-images/bluewhiting/ST032-873-617-20170520012621834.jpg,1,919,181,1016,bluewhiting
/2017/train/source-images/bluewhiting/ST032-873-617-20170520012621834.jpg,606,727,652,831,lanternfish
/2017/train/source-images/bluewhiting/ST032-873-617-20170520012621834.jpg,678,832,731,894,lanternfish
/2017/train/source-images/bluewhiting/ST032-873-617-20170520012621834.jpg,1271,590,1374,628,lanternfish
/2017/train/source-images/bluewhiting/ST032-873-617-20170520012621834.jpg,1222,848,1274,876,lanternfish
/2017/train/source-images/bluewhiting/ST036-240-20170522183012842.jpg,715,281,833,690,bluewhiting
/2017/train/source-images/bluewhiting/ST036-240-20170522183012842.jpg,624,545,676,581,lanternfish
/2017/train/source-images/bluewhiting/ST036-240-20170522183012842.jpg,950,32,1010,73,lanternfish
/2017/train/source-images/bluewhiting/ST032-842-20170520012123169.jpg,433,478,910,1019,bluewhiting
/2017/train/source-images/bluewhiting/ST032-842-20170520012123169.jpg,928,950,1004,982,lanternfish
/2017/train/source-images/bluewhiting/ST032-224-20170520013411864.jpg,424,803,972,987,bluewhiting
/2017/train/source-images/bluewhiting/ST033-724-481-20170520194920670.jpg,288,321,683,507,bluewhiting
/2017/train/source-images/bluewhiting/ST033-724-481-20170520194920670.jpg,441,935,805,1040,bluewhiting
/2017/train/source-images/bluewhiting/ST033-724-481-20170520194920670.jpg,150,1,1061,209,bluewhiting
/2017/train/source-images/bluewhiting/ST033-724-481-20170520194920670.jpg,1036,173,1392,463,bluewhiting
/2017/train/source-images/bluewhiting/ST033-724-481-20170520194920670.jpg,1037,107,1271,409,bluewhiting
/2017/train/source-images/bluewhiting/ST033-724-481-20170520194920670.jpg,1,813,358,1038,bluewhiting
/2017/train/source-images/bluewhiting/ST033-724-481-20170520194920670.jpg,967,856,1327,994,bluewhiting
/2017/train/source-images/bluewhiting/ST033-724-481-20170520194920670.jpg,968,782,1277,1040,bluewhiting
/2017/train/source-images/bluewhiting/ST033-724-481-20170520194920670.jpg,1032,929,1392,1021,bluewhiting
/2017/train/source-images/bluewhiting/ST033-724-481-20170520194920670.jpg,1,130,506,241,bluewhiting
/2017/train/source-images/bluewhiting/ST032-20170520014514446.jpg,307,478,825,715,bluewhiting
/2017/train/source-images/bluewhiting/ST036-707-467-20170522182346790.jpg,773,878,1272,1035,bluewhiting
/2017/train/source-images/bluewhiting/ST018-20170511143620043.jpg,88,512,587,867,bluewhiting
/2017/train/source-images/bluewhiting/ST018-20170511143620043.jpg,664,823,1098,958,bluewhiting
/2017/train/source-images/bluewhiting/ST018-20170511143620043.jpg,488,919,909,1040,bluewhiting
/2017/train/source-images/bluewhiting/ST018-20170511143620043.jpg,38,307,457,401,bluewhiting
/2017/train/source-images/bluewhiting/ST018-20170511143620043.jpg,344,51,759,122,bluewhiting
/2017/train/source-images/bluewhiting/ST033-842-588-20170520191152755.jpg,241,222,801,334,bluewhiting
/2017/train/source-images/bluewhiting/ST033-778-53-20170520194917831.jpg,648,188,955,465,bluewhiting
/2017/train/source-images/bluewhiting/ST033-778-53-20170520194917831.jpg,1,481,549,733,bluewhiting
/2017/train/source-images/bluewhiting/ST033-778-53-20170520194917831.jpg,1144,581,1392,925,bluewhiting
/2017/train/source-images/bluewhiting/ST033-778-53-20170520194917831.jpg,1,271,364,473,bluewhiting
/2017/train/source-images/bluewhiting/ST033-778-53-20170520194917831.jpg,961,16,1246,96,bluewhiting
/2017/train/source-images/bluewhiting/ST033-778-53-20170520194917831.jpg,433,1,988,202,bluewhiting
/2017/train/source-images/bluewhiting/ST033-778-53-20170520194917831.jpg,51,1,694,238,bluewhiting
/2017/train/source-images/bluewhiting/ST033-778-53-20170520194917831.jpg,1,1,555,103,bluewhiting
/2017/train/source-images/bluewhiting/ST036-378-169-20170522202108968.jpg,536,799,1054,1040,bluewhiting
/2017/train/source-images/bluewhiting/ST036-378-169-20170522202108968.jpg,1022,41,1103,74,lanternfish
/2017/train/source-images/bluewhiting/ST018-89-20170511143546986.jpg,177,608,526,856,bluewhiting
/2017/train/source-images/bluewhiting/ST018-89-20170511143546986.jpg,801,507,1099,574,bluewhiting
/2017/train/source-images/bluewhiting/ST018-89-20170511143546986.jpg,23,648,237,959,bluewhiting
/2017/train/source-images/bluewhiting/ST018-89-20170511143546986.jpg,1042,777,1392,954,bluewhiting
/2017/train/source-images/bluewhiting/ST018-89-20170511143546986.jpg,1011,881,1371,1038,bluewhiting
/2017/train/source-images/bluewhiting/ST018-89-20170511143546986.jpg,954,933,1179,1040,bluewhiting
/2017/train/source-images/bluewhiting/ST037-219-20170523000855504.jpg,267,607,641,711,bluewhiting
/2017/train/source-images/bluewhiting/ST037-219-20170523000855504.jpg,1124,807,1392,990,bluewhiting
/2017/train/source-images/bluewhiting/ST018-41-20170511150730882.jpg,265,809,889,995,bluewhiting
/2017/train/source-images/bluewhiting/ST018-299-20170511152606697.jpg,1111,187,1334,423,bluewhiting
/2017/train/source-images/bluewhiting/ST018-299-20170511152606697.jpg,7,580,281,1032,bluewhiting
/2017/train/source-images/bluewhiting/ST037-346-141-20170523010158502.jpg,592,99,936,185,bluewhiting
/2017/train/source-images/bluewhiting/ST037-346-141-20170523010158502.jpg,3,826,438,1040,bluewhiting
/2017/train/source-images/bluewhiting/ST037-346-141-20170523010158502.jpg,758,228,1392,564,bluewhiting
/2017/train/source-images/bluewhiting/ST037-346-141-20170523010158502.jpg,983,707,1289,1040,bluewhiting
/2017/train/source-images/bluewhiting/ST037-346-141-20170523010158502.jpg,1281,682,1392,1009,bluewhiting
/2017/train/source-images/bluewhiting/ST037-346-141-20170523010158502.jpg,1129,146,1392,239,bluewhiting
/2017/train/source-images/bluewhiting/ST037-346-141-20170523010158502.jpg,1,5,509,96,bluewhiting
/2017/train/source-images/bluewhiting/ST018-20170511143543335.jpg,80,319,964,878,bluewhiting
/2017/train/source-images/bluewhiting/ST018-20170511143543335.jpg,1,761,154,852,bluewhiting
/2017/train/source-images/bluewhiting/ST018-20170511143543335.jpg,1017,174,1392,445,bluewhiting
/2017/train/source-images/bluewhiting/ST037-345-140-20170523003539223.jpg,540,235,883,404,bluewhiting
/2017/train/source-images/bluewhiting/ST037-345-140-20170523003539223.jpg,1,906,668,1038,bluewhiting
/2017/train/source-images/bluewhiting/ST032-20170520012429218.jpg,300,94,1266,551,bluewhiting
/2017/train/source-images/bluewhiting/ST037-796-548-20170523000813115.jpg,809,109,1345,311,bluewhiting
/2017/train/source-images/bluewhiting/ST037-796-548-20170523000813115.jpg,84,654,363,952,bluewhiting
/2017/train/source-images/bluewhiting/ST037-796-548-20170523000813115.jpg,1091,967,1391,1040,bluewhiting
/2017/train/source-images/bluewhiting/ST018-20170511143531775.jpg,327,304,542,722,bluewhiting
/2017/train/source-images/bluewhiting/ST018-20170511143531775.jpg,95,877,573,1027,bluewhiting
/2017/train/source-images/bluewhiting/ST018-20170511143531775.jpg,20,73,439,184,bluewhiting
/2017/train/source-images/bluewhiting/ST018-20170511143531775.jpg,1159,470,1392,623,bluewhiting
/2017/train/source-images/bluewhiting/ST018-20170511143531775.jpg,1035,623,1392,809,bluewhiting
/2017/train/source-images/bluewhiting/ST018-20170511143531775.jpg,1036,857,1392,1014,bluewhiting
/2017/train/source-images/bluewhiting/ST018-20170511143531775.jpg,713,247,776,295,lanternfish
/2017/train/source-images/bluewhiting/ST032-196-20170520015747246.jpg,753,358,1010,860,bluewhiting
/2017/train/source-images/bluewhiting/ST032-979-83-20170520013100890.jpg,806,243,1176,474,bluewhiting
/2017/train/source-images/bluewhiting/ST032-979-83-20170520013100890.jpg,158,648,200,742,lanternfish
/2017/train/source-images/bluewhiting/ST032-403-20170520022337162.jpg,199,439,1255,764,bluewhiting
/2017/train/source-images/bluewhiting/ST032-403-20170520022337162.jpg,1183,951,1271,1009,lanternfish
/2017/train/source-images/bluewhiting/ST018-95-20170511150349224.jpg,256,253,455,494,bluewhiting
/2017/train/source-images/bluewhiting/ST018-95-20170511150349224.jpg,1,487,479,745,bluewhiting
/2017/train/source-images/bluewhiting/ST035-869-615-20170522070200715.jpg,599,584,971,778,bluewhiting
/2017/train/source-images/bluewhiting/ST033-630-397-20170520194907282.jpg,361,467,676,773,bluewhiting
/2017/train/source-images/bluewhiting/ST033-630-397-20170520194907282.jpg,444,39,641,424,bluewhiting
/2017/train/source-images/bluewhiting/ST033-630-397-20170520194907282.jpg,1077,589,1392,811,bluewhiting
/2017/train/source-images/bluewhiting/ST033-630-397-20170520194907282.jpg,446,917,881,1040,bluewhiting
/2017/train/source-images/bluewhiting/ST033-630-397-20170520194907282.jpg,723,128,1063,359,bluewhiting
/2017/train/source-images/bluewhiting/ST033-630-397-20170520194907282.jpg,1022,147,1377,376,bluewhiting
/2017/train/source-images/bluewhiting/ST033-630-397-20170520194907282.jpg,940,45,1170,191,bluewhiting
/2017/train/source-images/bluewhiting/ST033-630-397-20170520194907282.jpg,1,264,158,401,bluewhiting
/2017/train/source-images/bluewhiting/ST033-630-397-20170520194907282.jpg,439,874,796,1015,bluewhiting
/2017/train/source-images/bluewhiting/ST033-630-397-20170520194907282.jpg,1,500,185,583,bluewhiting
/2017/train/source-images/mackerel/ST036-467-249-20170522214701712.jpg,14,307,1283,630,mackerel
/2017/train/source-images/mackerel/ST036-557-20170522213514266.jpg,41,128,845,346,mackerel
/2017/train/source-images/mackerel/ST033-882-623-20170520172207579.jpg,314,593,919,942,mackerel
/2017/train/source-images/mackerel/ST019-21-20170511203617684.jpg,709,91,1346,312,mackerel
/2017/train/source-images/mackerel/ST019-21-20170511203617684.jpg,1105,818,1392,1016,mackerel
/2017/train/source-images/mackerel/ST019-21-20170511203617684.jpg,1,39,361,148,mackerel
/2017/train/source-images/mackerel/ST036-166-20170522213100169.jpg,155,438,542,719,mackerel
/2017/train/source-images/mackerel/ST036-433-218-20170522213004201.jpg,5,316,466,799,mackerel
/2017/train/source-images/mackerel/ST036-433-218-20170522213004201.jpg,760,499,1392,829,mackerel
/2017/train/source-images/mackerel/ST036-433-218-20170522213004201.jpg,147,1,746,149,mackerel
/2017/train/source-images/mackerel/ST036-433-218-20170522213004201.jpg,1,909,185,1023,mackerel
/2017/train/source-images/mackerel/ST036-433-218-20170522213004201.jpg,874,807,1392,942,mackerel
/2017/train/source-images/mackerel/ST036-667-430-20170522213522376.jpg,525,1,1124,212,mackerel
/2017/train/source-images/mackerel/ST019-241-20170511203627827.jpg,514,231,1156,418,mackerel
/2017/train/source-images/mackerel/ST036-266-20170522214745922.jpg,35,858,618,998,mackerel
/2017/train/source-images/mackerel/ST019-141-20170511202152939.jpg,3,291,577,638,mackerel
/2017/train/source-images/mackerel/ST019-141-20170511202152939.jpg,720,739,1392,1025,herring
/2017/train/source-images/mackerel/ST019-141-20170511202152939.jpg,818,308,1342,476,herring
/2017/train/source-images/mackerel/ST019-141-20170511202152939.jpg,754,191,1366,351,herring
/2017/train/source-images/mackerel/ST031-827-575-20170519140621281.jpg,46,115,899,1037,mackerel
/2017/train/source-images/mackerel/ST036-335-13-20170522214643461.jpg,637,102,1195,295,herring
/2017/train/source-images/mackerel/ST036-335-13-20170522214643461.jpg,85,473,615,679,mackerel
/2017/train/source-images/mackerel/ST036-335-13-20170522214643461.jpg,1,43,451,283,mackerel
/2017/train/source-images/mackerel/ST036-335-13-20170522214643461.jpg,1,233,397,308,mackerel
/2017/train/source-images/mackerel/ST036-536-310-20170522215146760.jpg,97,426,831,661,mackerel
/2017/train/source-images/mackerel/ST036-536-310-20170522215146760.jpg,1,640,505,766,mackerel
/2017/train/source-images/mackerel/ST036-536-310-20170522215146760.jpg,1,860,750,1040,mackerel
/2017/train/source-images/mackerel/ST036-536-310-20170522215146760.jpg,869,114,1392,296,mackerel
/2017/train/source-images/mackerel/ST036-536-310-20170522215146760.jpg,1139,44,1377,446,mackerel
/2017/train/source-images/mackerel/ST036-110-20170522180334194.jpg,945,107,1366,246,mackerel
/2017/train/source-images/mackerel/ST036-110-20170522180334194.jpg,119,1,644,111,mackerel
/2017/train/source-images/mackerel/ST037-605-20170523005619808.jpg,187,248,1358,835,mackerel
/2017/train/source-images/mackerel/ST019-265-20170511202846859.jpg,619,489,1186,694,mackerel
/2017/train/source-images/mackerel/ST019-265-20170511202846859.jpg,142,610,1022,932,mackerel
/2017/train/source-images/mackerel/ST019-265-20170511202846859.jpg,1,339,432,493,mackerel
/2017/train/source-images/mackerel/ST019-265-20170511202846859.jpg,347,79,1392,469,mackerel
/2017/train/source-images/mackerel/ST019-265-20170511202846859.jpg,1,74,540,173,mackerel
/2017/train/source-images/mackerel/ST019-265-20170511202846859.jpg,1,734,379,863,mackerel
/2017/train/source-images/mackerel/ST019-149-20170511202254591.jpg,364,129,914,267,mackerel
/2017/train/source-images/mackerel/ST019-149-20170511202254591.jpg,1054,217,1392,335,herring
/2017/train/source-images/mackerel/ST019-205-20170511202139762.jpg,735,487,1275,655,mackerel
/2017/train/source-images/mackerel/ST019-205-20170511202139762.jpg,1,815,552,1017,mackerel
/2017/train/source-images/mackerel/ST019-205-20170511202139762.jpg,965,246,1392,428,mackerel
/2017/train/source-images/mackerel/ST019-227-20170511204403114.jpg,540,205,1270,401,mackerel
/2017/train/source-images/mackerel/ST019-227-20170511204403114.jpg,614,38,1227,186,mackerel
/2017/train/source-images/mackerel/ST019-227-20170511204403114.jpg,500,881,1206,1040,mackerel
/2017/train/source-images/mackerel/ST019-227-20170511204403114.jpg,4,905,316,1040,mackerel
/2017/train/source-images/mackerel/ST035-576-35-20170522083637233.jpg,194,621,1316,823,mackerel
/2017/train/source-images/mackerel/ST035-576-35-20170522083637233.jpg,682,1,1289,225,herring
/2017/train/source-images/mackerel/ST035-576-35-20170522083637233.jpg,1139,473,1392,650,herring
/2017/train/source-images/mackerel/ST035-576-35-20170522083637233.jpg,1163,137,1392,402,herring
/2017/train/source-images/mackerel/ST035-576-35-20170522083637233.jpg,1093,239,1392,433,herring
/2017/train/source-images/mackerel/ST035-576-35-20170522083637233.jpg,936,553,1392,785,herring
/2017/train/source-images/mackerel/ST036-645-41-20170522214239476.jpg,412,716,935,895,mackerel
/2017/train/source-images/mackerel/ST036-645-41-20170522214239476.jpg,750,1,1187,149,mackerel
/2017/train/source-images/mackerel/ST036-645-41-20170522214239476.jpg,1,4,845,533,herring
/2017/train/source-images/mackerel/ST019-20170511202828608.jpg,662,363,1261,804,mackerel
/2017/train/source-images/mackerel/ST019-20170511202828608.jpg,527,381,977,504,herring
/2017/train/source-images/mackerel/ST019-20170511202828608.jpg,1074,887,1392,1038,herring
/2017/train/source-images/mackerel/ST019-269-20170511203344168.jpg,380,203,977,450,mackerel
/2017/train/source-images/mackerel/ST019-269-20170511203344168.jpg,159,786,697,886,mackerel
/2017/train/source-images/mackerel/ST019-269-20170511203344168.jpg,582,666,1215,915,mackerel
/2017/train/source-images/mackerel/ST019-269-20170511203344168.jpg,1,578,606,832,mackerel
/2017/train/source-images/mackerel/ST019-269-20170511203344168.jpg,1,243,446,436,mackerel
/2017/train/source-images/mackerel/ST019-269-20170511203344168.jpg,249,133,814,290,mackerel
/2017/train/source-images/mackerel/ST019-269-20170511203344168.jpg,867,760,1392,989,mackerel
/2017/train/source-images/mackerel/ST019-269-20170511203344168.jpg,1151,224,1392,358,mackerel
/2017/train/source-images/mackerel/ST036-570-20170522213219623.jpg,535,37,1118,509,mackerel
/2017/train/source-images/mackerel/ST036-570-20170522213219623.jpg,1,721,965,1040,mackerel
/2017/train/source-images/mackerel/ST036-570-20170522213219623.jpg,847,678,1392,894,mackerel
/2017/train/source-images/mackerel/ST036-989-90-20170522214224875.jpg,194,4,1153,243,mackerel
/2017/train/source-images/mackerel/ST036-989-90-20170522214224875.jpg,720,440,1222,755,herring
/2017/train/source-images/mackerel/ST036-989-90-20170522214224875.jpg,906,807,1392,1006,herring
/2017/train/source-images/mackerel/ST019-235-20170511205103725.jpg,430,292,984,538,mackerel
/2017/train/source-images/mackerel/ST019-235-20170511205103725.jpg,672,1,955,461,mackerel
/2017/train/source-images/mackerel/ST019-235-20170511205103725.jpg,980,250,1392,523,mackerel
/2017/train/source-images/mackerel/ST019-235-20170511205103725.jpg,730,1,1392,119,mackerel
/2017/train/source-images/mackerel/ST019-17-20170511204214818.jpg,642,672,1167,795,mackerel
/2017/train/source-images/mackerel/ST019-17-20170511204214818.jpg,910,168,1392,478,herring
/2017/train/source-images/mackerel/ST036-406-20170522180312087.jpg,632,872,1074,1040,mackerel
/2017/train/source-images/mackerel/ST019-11-20170511204620615.jpg,252,42,1083,585,mackerel
/2017/train/source-images/mackerel/ST019-11-20170511204620615.jpg,1,770,715,939,herring
/2017/train/source-images/mackerel/ST019-11-20170511204620615.jpg,701,587,1392,833,herring
/2017/train/source-images/mackerel/ST019-11-20170511204620615.jpg,744,948,1388,1040,herring
/2017/train/source-images/mackerel/ST019-11-20170511204620615.jpg,990,135,1392,399,herring
/2017/train/source-images/mackerel/ST019-11-20170511204620615.jpg,864,304,1275,481,herring
/2017/train/source-images/mackerel/ST019-11-20170511204620615.jpg,1140,383,1392,500,herring
/2017/train/source-images/mackerel/ST019-11-20170511204620615.jpg,1055,809,1392,932,mackerel
/2017/train/source-images/mackerel/ST036-478-20170522213227937.jpg,159,1,871,345,mackerel
/2017/train/source-images/mackerel/ST036-478-20170522213227937.jpg,116,248,606,464,mackerel
/2017/train/source-images/mackerel/ST036-478-20170522213227937.jpg,580,590,660,629,lanternfish
/2017/train/source-images/mackerel/ST019-197-20170511204749844.jpg,364,234,990,442,mackerel
/2017/train/source-images/mackerel/ST019-197-20170511204749844.jpg,710,382,1211,550,herring
/2017/train/source-images/mackerel/ST019-197-20170511204749844.jpg,925,411,1392,552,herring
/2017/train/source-images/mackerel/ST019-197-20170511204749844.jpg,566,1,1106,143,herring
/2017/train/source-images/mackerel/ST019-197-20170511204749844.jpg,1106,22,1392,159,herring
/2017/train/source-images/mackerel/ST019-197-20170511204749844.jpg,23,1,438,125,herring
/2017/train/source-images/mackerel/ST036-477-258-20170522214656034.jpg,228,99,989,511,mackerel
/2017/train/source-images/mackerel/ST036-477-258-20170522214656034.jpg,1,864,897,1040,mackerel
/2017/train/source-images/mackerel/ST036-477-258-20170522214656034.jpg,947,459,1392,822,mackerel
/2017/train/source-images/mackerel/ST036-477-258-20170522214656034.jpg,1,425,419,606,herring
/2017/train/source-images/mackerel/ST036-477-258-20170522214656034.jpg,1185,46,1392,216,mackerel
/2017/train/source-images/mackerel/ST036-477-258-20170522214656034.jpg,1206,285,1392,457,mackerel
/2017/train/source-images/mackerel/ST036-477-258-20170522214656034.jpg,1,673,164,854,mackerel
/2017/train/source-images/mackerel/ST036-94-20170522180312897.jpg,755,817,1328,1030,mackerel
/2017/train/source-images/mackerel/ST019-236-20170511204140141.jpg,243,527,935,749,mackerel
/2017/train/source-images/mackerel/ST019-236-20170511204140141.jpg,74,198,860,408,mackerel
/2017/train/source-images/mackerel/ST019-236-20170511204140141.jpg,2,36,829,326,mackerel
/2017/train/source-images/mackerel/ST019-236-20170511204140141.jpg,1,21,247,180,mackerel
/2017/train/source-images/mackerel/ST019-236-20170511204140141.jpg,109,506,685,718,mackerel
/2017/train/source-images/mackerel/ST019-236-20170511204140141.jpg,551,834,1242,1040,mackerel
/2017/train/source-images/mackerel/ST019-236-20170511204140141.jpg,4,731,647,1040,mackerel
/2017/train/source-images/mackerel/ST019-236-20170511204140141.jpg,1065,167,1392,373,mackerel
/2017/train/source-images/mackerel/ST019-236-20170511204140141.jpg,1082,46,1392,189,mackerel
/2017/train/source-images/mackerel/ST033-925-662-20170520195818621.jpg,309,878,869,1040,mackerel
/2017/train/source-images/mackerel/ST033-925-662-20170520195818621.jpg,1151,813,1392,1034,mackerel
/2017/train/source-images/mackerel/ST036-423-209-20170522212824214.jpg,406,286,1042,493,mackerel
/2017/train/source-images/mackerel/ST019-20170511203300359.jpg,171,371,1351,819,mackerel
/2017/train/source-images/mackerel/ST019-20170511203300359.jpg,109,117,689,326,herring
/2017/train/source-images/mackerel/ST019-20170511203300359.jpg,977,196,1392,353,herring
/2017/train/source-images/mackerel/ST019-20170511203300359.jpg,1,139,323,273,herring
/2017/train/source-images/herring/ST035-946-686-20170522081802134.jpg,190,365,854,563,herring
/2017/train/source-images/herring/ST035-946-686-20170522081802134.jpg,1,530,425,693,herring
/2017/train/source-images/herring/ST035-946-686-20170522081802134.jpg,18,677,380,1029,herring
/2017/train/source-images/herring/ST035-946-686-20170522081802134.jpg,745,859,1392,1039,herring
/2017/train/source-images/herring/ST035-946-686-20170522081802134.jpg,1099,15,1392,290,herring
/2017/train/source-images/herring/ST035-946-686-20170522081802134.jpg,1,1,429,416,herring
/2017/train/source-images/herring/ST035-946-686-20170522081802134.jpg,313,1,919,159,herring
/2017/train/source-images/herring/ST035-946-686-20170522081802134.jpg,941,322,1392,612,herring
/2017/train/source-images/herring/ST035-946-686-20170522081802134.jpg,1019,1,1392,125,herring
/2017/train/source-images/herring/ST030-876-619-20170519004026904.jpg,429,595,1203,884,herring
/2017/train/source-images/herring/ST030-876-619-20170519004026904.jpg,1115,685,1392,905,herring
/2017/train/source-images/herring/ST030-876-619-20170519004026904.jpg,418,10,1391,594,herring
/2017/train/source-images/herring/ST030-876-619-20170519004026904.jpg,510,1,1391,232,herring
/2017/train/source-images/herring/ST030-876-619-20170519004026904.jpg,1,3,409,355,herring
/2017/train/source-images/herring/ST030-876-619-20170519004026904.jpg,283,1,667,174,herring
/2017/train/source-images/herring/ST036-298-20170522214628049.jpg,564,487,1033,620,herring
/2017/train/source-images/herring/ST031-711-470-20170519114822292.jpg,570,528,1112,698,herring
/2017/train/source-images/herring/ST031-711-470-20170519114822292.jpg,730,1,1110,355,herring
/2017/train/source-images/herring/ST035-923-664-20170522083401620.jpg,184,516,701,687,herring
/2017/train/source-images/herring/ST035-923-664-20170522083401620.jpg,310,694,1027,1037,herring
/2017/train/source-images/herring/ST035-923-664-20170522083401620.jpg,942,881,1370,1040,herring
/2017/train/source-images/herring/ST035-923-664-20170522083401620.jpg,1,241,470,461,herring
/2017/train/source-images/herring/ST029-957-695-20170518161537588.jpg,9,726,693,917,herring
/2017/train/source-images/herring/ST029-957-695-20170518161537588.jpg,1102,767,1392,966,herring
/2017/train/source-images/herring/ST032-447-230-20170520013241274.jpg,531,52,1103,402,herring
/2017/train/source-images/herring/ST022-863-606-20170513112300351.jpg,401,572,949,813,herring
/2017/train/source-images/herring/ST024-741-497-20170515115806108.jpg,176,171,909,451,herring
/2017/train/source-images/herring/ST024-741-497-20170515115806108.jpg,68,745,1245,1040,herring
/2017/train/source-images/herring/ST024-741-497-20170515115806108.jpg,1,22,548,242,herring
/2017/train/source-images/herring/ST027-927-668-20170518005910304.jpg,292,800,792,1024,herring
/2017/train/source-images/herring/ST027-927-668-20170518005910304.jpg,561,90,815,581,herring
/2017/train/source-images/herring/ST027-927-668-20170518005910304.jpg,694,348,858,856,herring
/2017/train/source-images/herring/ST027-927-668-20170518005910304.jpg,1032,617,1227,1040,herring
/2017/train/source-images/herring/ST020-325-120-20170512131448511.jpg,475,452,1314,830,herring
/2017/train/source-images/herring/ST020-325-120-20170512131448511.jpg,427,25,884,135,herring
/2017/train/source-images/herring/ST020-325-120-20170512131448511.jpg,102,20,451,174,herring
/2017/train/source-images/herring/ST020-325-120-20170512131448511.jpg,1,4,218,248,herring
/2017/train/source-images/herring/ST033-922-66-20170520195210257.jpg,323,761,820,967,herring
/2017/train/source-images/herring/ST033-922-66-20170520195210257.jpg,1,2,559,199,herring
/2017/train/source-images/herring/ST033-922-66-20170520195210257.jpg,441,22,728,139,herring
/2017/train/source-images/herring/ST033-922-66-20170520195210257.jpg,642,1,1022,87,herring
/2017/train/source-images/herring/ST033-922-66-20170520195210257.jpg,1180,865,1392,1014,herring
/2017/train/source-images/herring/ST029-986-90-20170518161912759.jpg,484,35,1319,276,herring
/2017/train/source-images/herring/ST029-986-90-20170518161912759.jpg,342,872,1392,1037,herring
/2017/train/source-images/herring/ST029-986-90-20170518161912759.jpg,641,1,1087,73,herring
/2017/train/source-images/herring/ST021-399-188-20170513001801542.jpg,1,284,124,478,herring
/2017/train/source-images/herring/ST021-399-188-20170513001801542.jpg,264,59,781,221,herring
/2017/train/source-images/herring/ST021-399-188-20170513001801542.jpg,557,48,1047,106,herring
/2017/train/source-images/herring/ST021-399-188-20170513001801542.jpg,1044,115,1392,315,herring
/2017/train/source-images/herring/ST021-399-188-20170513001801542.jpg,974,824,1392,968,herring
/2017/train/source-images/herring/ST033-936-672-20170520203046951.jpg,1,52,483,230,herring
/2017/train/source-images/herring/ST033-936-672-20170520203046951.jpg,894,708,1392,994,herring
/2017/train/source-images/herring/ST032-263-20170520014144141.jpg,551,33,1068,296,herring
/2017/train/source-images/herring/ST032-263-20170520014144141.jpg,992,930,1392,1039,herring
/2017/train/source-images/herring/ST032-263-20170520014144141.jpg,537,477,605,503,lanternfish
/2017/train/source-images/herring/ST032-263-20170520014144141.jpg,782,56,875,86,lanternfish
/2017/train/source-images/herring/ST025-973-81-20170516095101000.jpg,415,622,888,1019,herring
/2017/train/source-images/herring/ST025-973-81-20170516095101000.jpg,207,54,711,200,herring
/2017/train/source-images/herring/ST025-973-81-20170516095101000.jpg,979,863,1392,1019,herring
/2017/train/source-images/herring/ST025-973-81-20170516095101000.jpg,771,950,1316,1022,herring
/2017/train/source-images/herring/ST026-896-638-20170517093630382.jpg,531,211,1094,819,herring
/2017/train/source-images/herring/ST026-896-638-20170517093630382.jpg,411,8,997,199,herring
/2017/train/source-images/herring/ST026-896-638-20170517093630382.jpg,525,1,1040,94,herring
/2017/train/source-images/herring/ST026-896-638-20170517093630382.jpg,220,35,698,194,herring
/2017/train/source-images/herring/ST026-896-638-20170517093630382.jpg,27,1,496,84,herring
/2017/train/source-images/herring/ST026-896-638-20170517093630382.jpg,1148,628,1392,853,herring
/2017/train/source-images/herring/ST021-527-303-20170513001640422.jpg,263,681,1088,998,herring
/2017/train/source-images/herring/ST021-527-303-20170513001640422.jpg,654,123,1392,314,herring
/2017/train/source-images/herring/ST021-527-303-20170513001640422.jpg,1,20,403,95,herring
/2017/train/source-images/herring/ST021-527-303-20170513001640422.jpg,5,68,358,124,herring
/2017/train/source-images/herring/ST026-714-474-20170517092958573.jpg,449,34,894,161,herring
/2017/train/source-images/herring/ST026-714-474-20170517092958573.jpg,902,57,1392,206,herring
/2017/train/source-images/herring/ST029-993-97-20170518161722637.jpg,776,450,1290,609,herring
/2017/train/source-images/herring/ST021-305-102-20170513000531785.jpg,583,402,1075,739,herring
/2017/train/source-images/herring/ST021-305-102-20170513000531785.jpg,1007,43,1392,265,herring
/2017/train/source-images/herring/ST021-305-102-20170513000531785.jpg,531,51,1029,119,herring
/2017/train/source-images/herring/ST021-305-102-20170513000531785.jpg,1202,769,1250,808,lanternfish
/2017/train/source-images/herring/ST023-927-669-20170513191549341.jpg,636,134,1061,495,herring
/2017/train/source-images/herring/ST023-927-669-20170513191549341.jpg,158,803,751,995,herring
/2017/train/source-images/herring/ST023-927-669-20170513191549341.jpg,1,4,476,243,herring
/2017/train/source-images/herring/ST023-927-669-20170513191549341.jpg,1,706,236,850,herring
/2017/train/source-images/herring/ST023-927-669-20170513191549341.jpg,884,735,1392,865,herring
/2017/train/source-images/herring/ST023-927-669-20170513191549341.jpg,905,904,1311,1040,herring
/2017/train/source-images/herring/ST023-927-669-20170513191549341.jpg,1012,873,1392,1039,herring
/2017/train/source-images/herring/ST031-802-552-20170519120354570.jpg,629,850,1224,1025,herring
/2017/train/source-images/herring/ST031-802-552-20170519120354570.jpg,563,97,1392,613,herring
/2017/train/source-images/herring/ST031-802-552-20170519120354570.jpg,242,1,616,155,herring
/2017/train/source-images/herring/ST031-802-552-20170519120354570.jpg,20,1,423,65,herring
/2017/train/source-images/herring/ST030-862-606-20170519004739484.jpg,475,278,983,468,herring
/2017/train/source-images/herring/ST030-862-606-20170519004739484.jpg,496,743,1022,1039,herring
/2017/train/source-images/herring/ST030-862-606-20170519004739484.jpg,1114,433,1392,591,herring
/2017/train/source-images/herring/ST030-862-606-20170519004739484.jpg,1,279,366,447,herring
/2017/train/source-images/herring/ST030-862-606-20170519004739484.jpg,1,34,603,234,herring
/2017/train/source-images/herring/ST030-862-606-20170519004739484.jpg,753,1,1296,194,herring
/2017/train/source-images/herring/ST033-967-70-20170520211659307.jpg,388,776,901,964,herring
/2017/train/source-images/herring/ST033-967-70-20170520211659307.jpg,946,158,1392,337,herring
/2017/train/source-images/herring/ST033-967-70-20170520211659307.jpg,983,450,1392,595,herring
/2017/train/source-images/herring/ST033-967-70-20170520211659307.jpg,561,1,1180,184,herring
/2017/train/source-images/herring/ST033-967-70-20170520211659307.jpg,193,85,627,261,herring
/2017/train/source-images/herring/ST033-967-70-20170520211659307.jpg,2,1,324,116,herring
/2017/train/source-images/herring/ST033-967-70-20170520211659307.jpg,423,7,872,185,herring
/2017/train/source-images/herring/ST028-907-648-20170518125956150.jpg,284,399,799,624,herring
/2017/train/source-images/herring/ST028-907-648-20170518125956150.jpg,712,315,1059,806,herring
/2017/train/source-images/herring/ST028-907-648-20170518125956150.jpg,1,602,253,982,herring
/2017/train/source-images/herring/ST028-907-648-20170518125956150.jpg,475,1,1013,311,herring
/2017/train/source-images/herring/ST028-907-648-20170518125956150.jpg,332,830,1193,1035,herring
/2017/train/source-images/herring/ST022-943-679-20170513112929326.jpg,759,456,1192,694,herring
/2017/train/source-images/herring/ST022-943-679-20170513112929326.jpg,1109,652,1392,910,herring
/2017/train/source-images/herring/ST022-943-679-20170513112929326.jpg,319,59,837,180,herring
/2017/train/source-images/herring/ST022-943-679-20170513112929326.jpg,1,51,493,143,herring
/2017/train/source-images/herring/ST028-970-74-20170518124144438.jpg,1,316,557,573,herring
/2017/train/source-images/herring/ST020-347-140-20170512130931737.jpg,99,570,792,830,herring
/2017/train/source-images/herring/ST020-347-140-20170512130931737.jpg,598,54,1136,538,herring
/2017/train/source-images/herring/ST020-347-140-20170512130931737.jpg,1,29,674,224,herring
/2017/train/source-images/herring/ST020-347-140-20170512130931737.jpg,1149,275,1392,620,herring
/2017/train/source-images/herring/ST020-347-140-20170512130931737.jpg,1090,699,1392,948,herring
/2017/train/source-images/herring/ST020-347-140-20170512130931737.jpg,1,36,559,160,herring
/2017/train/source-images/herring/ST020-347-140-20170512130931737.jpg,567,51,888,121,herring
/2017/train/source-images/herring/ST028-961-697-20170518131325166.jpg,422,287,998,429,herring
/2017/train/source-images/herring/ST028-961-697-20170518131325166.jpg,1084,787,1392,936,herring
/2017/train/source-images/herring/ST028-961-697-20170518131325166.jpg,959,919,1392,1039,herring
/2017/train/source-images/herring/ST028-961-697-20170518131325166.jpg,1,939,540,1040,herring
/2017/train/source-images/herring/ST028-961-697-20170518131325166.jpg,974,1,1392,100,herring
/2017/train/source-images/herring/ST020-187-20170512154303082.jpg,77,44,622,199,herring
/2017/train/source-images/herring/ST027-917-659-20170518014036168.jpg,146,155,715,307,herring
/2017/train/source-images/herring/ST027-917-659-20170518014036168.jpg,442,1,887,107,herring
/2017/train/source-images/herring/ST030-914-653-20170518233733117.jpg,518,491,980,826,herring
/2017/train/source-images/herring/ST030-914-653-20170518233733117.jpg,950,246,1392,644,herring
/2017/train/source-images/herring/ST030-914-653-20170518233733117.jpg,31,1,642,194,herring
/2017/train/source-images/herring/ST030-914-653-20170518233733117.jpg,1,45,450,193,herring
/2017/train/source-images/herring/ST030-914-653-20170518233733117.jpg,1,188,267,322,herring
/2017/train/source-images/herring/ST030-914-653-20170518233733117.jpg,820,1,1192,199,herring
/2017/train/source-images/herring/ST030-914-653-20170518233733117.jpg,1012,1,1384,120,herring
/2017/train/source-images/herring/ST030-914-653-20170518233733117.jpg,1010,173,1392,447,herring
/2017/train/source-images/herring/ST034-962-696-20170521190512746.jpg,175,499,902,717,herring
/2017/train/source-images/herring/ST034-962-696-20170521190512746.jpg,11,743,727,1040,herring
/2017/train/source-images/herring/ST034-962-696-20170521190512746.jpg,650,745,1392,983,herring
/2017/train/source-images/herring/ST034-962-696-20170521190512746.jpg,261,1,861,165,herring
/2017/train/source-images/herring/ST034-962-696-20170521190512746.jpg,742,856,1392,1038,herring
/2017/train/source-images/herring/ST034-962-696-20170521190512746.jpg,1,65,344,355,herring
/2017/train/source-images/herring/ST025-920-664-20170516094759290.jpg,509,819,1257,1040,herring
/2017/train/source-images/herring/ST025-920-664-20170516094759290.jpg,238,34,864,155,herring
/2017/train/source-images/herring/ST025-920-664-20170516094759290.jpg,1041,798,1387,881,herring
/2017/train/source-images/herring/ST025-920-664-20170516094759290.jpg,987,41,1392,239,herring
/2017/train/source-images/herring/ST028-928-667-20170518130924394.jpg,479,426,994,589,herring
/2017/train/source-images/herring/ST028-928-667-20170518130924394.jpg,1,241,571,429,herring
/2017/train/source-images/herring/ST028-928-667-20170518130924394.jpg,54,633,460,1040,herring
/2017/train/source-images/herring/ST028-928-667-20170518130924394.jpg,116,800,731,1040,herring
/2017/train/source-images/herring/ST028-928-667-20170518130924394.jpg,718,171,1242,278,herring
/2017/train/source-images/herring/ST028-928-667-20170518130924394.jpg,448,1,973,139,herring
/2017/train/source-images/herring/ST028-928-667-20170518130924394.jpg,758,7,1392,100,herring
/2017/train/source-images/herring/ST028-928-667-20170518130924394.jpg,357,1,783,255,herring
/2017/train/source-images/herring/ST028-928-667-20170518130924394.jpg,1,1,449,89,herring
/2017/train/source-images/herring/ST028-928-667-20170518130924394.jpg,787,68,1131,167,herring
/2017/train/source-images/herring/ST034-993-94-20170521190533614.jpg,501,387,1218,604,herring
/2017/train/source-images/herring/ST034-993-94-20170521190533614.jpg,429,2,1391,476,herring
/2017/train/source-images/herring/ST034-993-94-20170521190533614.jpg,1,2,879,233,herring
/2017/train/source-images/herring/ST034-993-94-20170521190533614.jpg,1119,746,1392,910,herring
/2017/train/source-images/herring/ST024-595-365-20170515122944276.jpg,653,384,1158,711,herring
/2017/train/source-images/herring/ST024-742-498-20170515150810002.jpg,881,642,1367,908,herring
/2017/train/source-images/herring/ST025-931-674-20170516095038895.jpg,246,565,544,1019,herring
/2017/train/source-images/herring/ST025-931-674-20170516095038895.jpg,238,319,729,568,herring
/2017/train/source-images/herring/ST025-931-674-20170516095038895.jpg,1123,716,1392,860,herring
/2017/train/source-images/herring/ST025-931-674-20170516095038895.jpg,923,858,1392,1023,herring
/2017/train/source-images/herring/ST026-807-558-20170517094328557.jpg,98,603,620,874,herring
/2017/train/source-images/herring/ST035-977-83-20170522083149596.jpg,241,917,777,1040,herring
/2017/train/source-images/herring/ST035-977-83-20170522083149596.jpg,615,24,1390,361,herring
/2017/train/source-images/herring/ST035-977-83-20170522083149596.jpg,1,44,674,252,herring
/2017/train/source-images/herring/ST035-977-83-20170522083149596.jpg,1,223,345,299,herring
/2017/train/source-images/herring/ST035-977-83-20170522083149596.jpg,225,1,822,80,herring
/2017/train/source-images/herring/ST035-977-83-20170522083149596.jpg,1053,9,1392,107,herring
/2017/train/source-images/herring/ST023-894-639-20170513185824105.jpg,232,550,844,739,herring
/2017/train/source-images/herring/ST023-894-639-20170513185824105.jpg,707,160,1245,412,herring
/2017/train/source-images/herring/ST023-894-639-20170513185824105.jpg,919,850,1392,1039,herring
/2017/train/source-images/herring/ST023-894-639-20170513185824105.jpg,437,184,910,567,herring
/2017/train/source-images/herring/ST023-894-639-20170513185824105.jpg,974,302,1392,565,herring
/2017/train/source-images/herring/ST023-894-639-20170513185824105.jpg,1,74,440,272,herring
/2017/train/source-images/herring/ST023-894-639-20170513185824105.jpg,246,41,745,178,herring
/2017/train/source-images/herring/ST023-894-639-20170513185824105.jpg,985,32,1392,161,herring
/2017/train/source-images/herring/ST023-894-639-20170513185824105.jpg,1,37,658,115,herring
/2017/train/source-images/herring/ST023-894-639-20170513185824105.jpg,1066,869,1385,1040,herring
/2017/train/source-images/herring/ST024-854-599-20170515115754874.jpg,1,421,671,859,herring
/2017/train/source-images/herring/ST024-854-599-20170515115754874.jpg,41,324,596,490,herring
/2017/train/source-images/herring/ST024-854-599-20170515115754874.jpg,846,359,1258,680,herring
/2017/train/source-images/herring/ST024-854-599-20170515115754874.jpg,519,48,1085,124,herring
/2017/train/source-images/herring/ST031-763-517-20170519140155569.jpg,605,363,918,709,herring
/2017/train/source-images/herring/ST031-763-517-20170519140155569.jpg,601,824,1063,1040,herring
/2017/train/source-images/herring/ST034-958-692-20170521184852013.jpg,145,181,655,389,herring
/2017/train/source-images/herring/ST034-958-692-20170521184852013.jpg,1,817,290,926,herring
/2017/train/source-images/herring/ST034-958-692-20170521184852013.jpg,449,754,998,1003,herring
/2017/train/source-images/herring/ST034-958-692-20170521184852013.jpg,826,786,1387,1033,herring
/2017/train/source-images/herring/ST034-958-692-20170521184852013.jpg,1,771,181,880,herring
/2017/train/source-images/herring/ST034-958-692-20170521184852013.jpg,561,3,1190,219,herring
/2017/train/source-images/herring/ST034-958-692-20170521184852013.jpg,1098,19,1392,186,herring
/2017/train/source-images/herring/ST034-958-692-20170521184852013.jpg,920,730,1392,817,herring
/2017/train/source-images/herring/ST022-934-670-20170513111052703.jpg,575,309,1112,528,herring
/2017/train/source-images/herring/ST022-934-670-20170513111052703.jpg,766,908,1297,1040,herring
/2017/train/source-images/herring/ST028-936-674-20170518101131277.jpg,345,622,915,774,herring
/2017/train/source-images/herring/ST036-224-20170522214821299.jpg,346,186,966,328,herring
/2017/train/source-images/herring/ST036-224-20170522214821299.jpg,971,462,1392,709,herring
/2017/train/source-images/herring/ST036-224-20170522214821299.jpg,977,868,1311,1040,herring
/2017/train/source-images/herring/ST036-224-20170522214821299.jpg,160,1,775,165,herring
/2017/train/source-images/herring/ST023-903-647-20170513192946133.jpg,62,291,577,437,herring
/2017/train/source-images/herring/ST027-966-72-20170518012301726.jpg,525,348,840,824,herring
/2017/train/source-images/herring/ST027-966-72-20170518012301726.jpg,1,755,306,971,herring
/2017/train/source-images/herring/ST027-966-72-20170518012301726.jpg,620,1,1210,184,herring
/2017/train/source-images/herring/ST027-966-72-20170518012301726.jpg,1002,22,1392,242,herring
/2017/train/source-images/herring/ST027-966-72-20170518012301726.jpg,1070,620,1392,876,herring
/2017/train/source-images/herring/ST027-966-72-20170518012301726.jpg,1125,824,1390,1040,herring
/2017/train/source-images/lanternfish/ST032-967-72-20170520015611729.jpg,496,530,638,667,lanternfish
/2017/train/source-images/lanternfish/ST032-967-72-20170520015611729.jpg,218,345,324,380,lanternfish
/2017/train/source-images/lanternfish/ST032-967-72-20170520015611729.jpg,1205,590,1280,669,lanternfish
/2017/train/source-images/lanternfish/ST032-967-72-20170520015611729.jpg,1174,115,1292,181,lanternfish
/2017/train/source-images/lanternfish/ST030-886-628-20170518205152344.jpg,418,532,629,616,lanternfish
/2017/train/source-images/lanternfish/ST035-827-577-20170522064551432.jpg,410,680,453,795,lanternfish
/2017/train/source-images/lanternfish/ST018-648-412-20170511152500986.jpg,1024,568,1145,620,lanternfish
/2017/train/source-images/lanternfish/ST030-982-85-20170518212101519.jpg,661,354,776,385,lanternfish
/2017/train/source-images/lanternfish/ST018-563-336-20170511144252055.jpg,1006,617,1042,695,lanternfish
/2017/train/source-images/lanternfish/ST018-563-336-20170511144252055.jpg,604,748,665,838,lanternfish
/2017/train/source-images/lanternfish/ST032-986-9-20170520015656952.jpg,1012,800,1088,859,lanternfish
/2017/train/source-images/lanternfish/ST032-986-9-20170520015656952.jpg,941,537,1016,573,lanternfish
/2017/train/source-images/lanternfish/ST032-986-9-20170520015656952.jpg,250,319,290,391,lanternfish
/2017/train/source-images/lanternfish/ST018-647-411-20170511144621751.jpg,590,387,656,457,lanternfish
/2017/train/source-images/lanternfish/ST021-224-20170512224357863.jpg,232,759,332,837,lanternfish
/2017/train/source-images/lanternfish/ST021-224-20170512224357863.jpg,252,980,332,1013,lanternfish
/2017/train/source-images/lanternfish/ST032-957-693-20170520015108538.jpg,309,985,401,1038,lanternfish
/2017/train/source-images/lanternfish/ST032-957-693-20170520015108538.jpg,1290,193,1349,248,lanternfish
/2017/train/source-images/lanternfish/ST033-994-94-20170520180349325.jpg,549,967,664,1008,lanternfish
/2017/train/source-images/lanternfish/ST033-994-94-20170520180349325.jpg,418,890,498,930,lanternfish
/2017/train/source-images/lanternfish/ST033-994-94-20170520180349325.jpg,683,886,736,958,lanternfish
/2017/train/source-images/lanternfish/ST033-994-94-20170520180349325.jpg,788,581,818,668,lanternfish
/2017/train/source-images/lanternfish/ST033-994-94-20170520180349325.jpg,1140,986,1212,1028,lanternfish
/2017/train/source-images/lanternfish/ST033-994-94-20170520180349325.jpg,484,387,549,477,lanternfish
/2017/train/source-images/lanternfish/ST033-994-94-20170520180349325.jpg,237,562,303,583,lanternfish
/2017/train/source-images/lanternfish/ST033-994-94-20170520180349325.jpg,41,464,124,587,lanternfish
/2017/train/source-images/lanternfish/ST033-994-94-20170520180349325.jpg,366,1,487,47,lanternfish
/2017/train/source-images/lanternfish/ST033-994-94-20170520180349325.jpg,1248,51,1301,128,lanternfish
/2017/train/source-images/lanternfish/ST018-781-533-20170511144318625.jpg,96,729,163,780,lanternfish
/2017/train/source-images/lanternfish/ST036-815-564-20170522185100898.jpg,1066,920,1158,1026,lanternfish
/2017/train/source-images/lanternfish/ST021-232-20170512223917388.jpg,361,692,454,811,lanternfish
/2017/train/source-images/lanternfish/ST021-232-20170512223917388.jpg,140,824,325,900,lanternfish
/2017/train/source-images/lanternfish/ST021-232-20170512223917388.jpg,953,271,1064,337,lanternfish
/2017/train/source-images/lanternfish/ST033-968-700-20170520180606652.jpg,1027,911,1146,993,lanternfish
/2017/train/source-images/lanternfish/ST033-971-73-20170520184940071.jpg,606,871,850,1006,lanternfish
/2017/train/source-images/lanternfish/ST033-971-73-20170520184940071.jpg,771,100,896,234,lanternfish
/2017/train/source-images/lanternfish/ST033-971-73-20170520184940071.jpg,1098,87,1219,134,lanternfish
/2017/train/source-images/lanternfish/ST033-930-667-20170520180317688.jpg,762,245,863,298,lanternfish
/2017/train/source-images/lanternfish/ST033-930-667-20170520180317688.jpg,837,766,892,793,lanternfish
/2017/train/source-images/lanternfish/ST036-847-593-20170522183513129.jpg,962,751,1090,804,lanternfish
/2017/train/source-images/lanternfish/ST036-847-593-20170522183513129.jpg,666,793,740,826,lanternfish
/2017/train/source-images/lanternfish/ST036-847-593-20170522183513129.jpg,281,279,319,348,lanternfish
/2017/train/source-images/lanternfish/ST036-847-593-20170522183513129.jpg,1298,307,1361,429,lanternfish
/2017/train/source-images/lanternfish/ST036-847-593-20170522183513129.jpg,861,4,1005,50,lanternfish
/2017/train/source-images/lanternfish/ST036-847-593-20170522183513129.jpg,1094,207,1148,238,lanternfish
/2017/train/source-images/lanternfish/ST036-847-593-20170522183513129.jpg,1248,916,1298,1011,lanternfish
/2017/train/source-images/lanternfish/ST021-217-20170512234811821.jpg,866,91,940,124,lanternfish
/2017/train/source-images/lanternfish/ST021-295-20170512224209364.jpg,580,299,658,333,lanternfish
/2017/train/source-images/lanternfish/ST036-892-633-20170522185016487.jpg,1109,695,1181,838,lanternfish
/2017/train/source-images/lanternfish/ST036-993-94-20170522190701146.jpg,811,521,885,585,lanternfish
/2017/train/source-images/lanternfish/ST027-659-424-20170517224131583.jpg,602,693,749,756,lanternfish
/2017/train/source-images/lanternfish/ST032-983-87-20170520012429826.jpg,128,85,309,312,lanternfish
/2017/train/source-images/lanternfish/ST032-983-87-20170520012429826.jpg,1093,565,1268,665,lanternfish
/2017/train/source-images/lanternfish/ST032-983-87-20170520012429826.jpg,820,822,864,898,lanternfish
/2017/train/source-images/lanternfish/ST032-983-87-20170520012429826.jpg,925,635,959,700,lanternfish
/2017/train/source-images/lanternfish/ST030-910-65-20170518204803788.jpg,850,122,905,168,lanternfish
/2017/train/source-images/lanternfish/ST032-969-74-20170520012139002.jpg,625,702,684,760,lanternfish
/2017/train/source-images/lanternfish/ST021-230-20170512235449110.jpg,557,767,679,807,lanternfish
/2017/train/source-images/lanternfish/ST027-976-81-20170517224927761.jpg,590,124,696,155,lanternfish
/2017/train/source-images/lanternfish/ST032-947-684-20170520014235657.jpg,942,878,1061,920,lanternfish
/2017/train/source-images/lanternfish/ST032-947-684-20170520014235657.jpg,1096,535,1174,573,lanternfish
/2017/train/source-images/lanternfish/ST032-947-684-20170520014235657.jpg,59,887,162,941,lanternfish
/2017/train/source-images/lanternfish/ST032-947-684-20170520014235657.jpg,172,958,266,1019,lanternfish
/2017/train/source-images/lanternfish/ST032-947-684-20170520014235657.jpg,1159,865,1251,913,lanternfish
/2017/train/source-images/lanternfish/ST032-991-94-20170520012239707.jpg,384,946,428,1026,lanternfish
/2017/train/source-images/lanternfish/ST032-991-94-20170520012239707.jpg,735,972,803,1035,lanternfish
/2017/train/source-images/lanternfish/ST032-991-94-20170520012239707.jpg,527,599,622,708,lanternfish
/2017/train/source-images/lanternfish/ST032-991-94-20170520012239707.jpg,672,578,740,648,lanternfish
/2017/train/source-images/lanternfish/ST032-991-94-20170520012239707.jpg,488,346,536,467,lanternfish
/2017/train/source-images/lanternfish/ST032-991-94-20170520012239707.jpg,763,359,806,447,lanternfish
/2017/train/source-images/lanternfish/ST032-991-94-20170520012239707.jpg,225,256,267,355,lanternfish
/2017/train/source-images/lanternfish/ST032-991-94-20170520012239707.jpg,875,120,974,211,lanternfish
/2017/train/source-images/lanternfish/ST032-991-94-20170520012239707.jpg,327,98,355,178,lanternfish
/2017/train/source-images/lanternfish/ST032-991-94-20170520012239707.jpg,516,934,588,961,lanternfish
/2017/train/source-images/lanternfish/ST032-991-94-20170520012239707.jpg,815,930,893,1022,lanternfish
/2017/train/source-images/lanternfish/ST032-991-94-20170520012239707.jpg,831,786,884,833,lanternfish
/2017/train/source-images/lanternfish/ST032-991-94-20170520012239707.jpg,287,639,344,682,lanternfish
/2017/train/source-images/lanternfish/ST032-991-94-20170520012239707.jpg,1176,147,1251,193,lanternfish
/2017/train/source-images/lanternfish/ST032-991-94-20170520012239707.jpg,1085,122,1145,155,lanternfish
/2017/train/source-images/lanternfish/ST032-991-94-20170520012239707.jpg,1155,73,1306,142,lanternfish
/2017/train/source-images/lanternfish/ST032-991-94-20170520012239707.jpg,618,69,670,120,lanternfish
/2017/train/source-images/lanternfish/ST032-991-94-20170520012239707.jpg,1172,48,1249,98,lanternfish
/2017/train/source-images/lanternfish/ST036-887-629-20170522195226218.jpg,482,370,712,613,lanternfish
/2017/train/source-images/lanternfish/ST018-878-621-20170511144708599.jpg,418,70,524,159,lanternfish
/2017/train/source-images/lanternfish/ST021-296-20170512235734799.jpg,341,256,420,282,lanternfish
/2017/train/source-images/lanternfish/ST030-51-20170519003347185.jpg,419,419,493,448,lanternfish
/2017/train/source-images/lanternfish/ST030-51-20170519003347185.jpg,645,434,1096,767,herring
/2017/train/source-images/lanternfish/ST030-51-20170519003347185.jpg,698,1,1295,256,herring
/2017/train/source-images/lanternfish/ST030-51-20170519003347185.jpg,1085,41,1391,290,herring
/2017/train/source-images/lanternfish/ST030-51-20170519003347185.jpg,1105,154,1309,239,herring
/2017/train/source-images/lanternfish/ST030-51-20170519003347185.jpg,236,1,723,141,herring
/2017/train/source-images/lanternfish/ST030-51-20170519003347185.jpg,1,1,419,91,herring
/2017/train/source-images/lanternfish/ST030-51-20170519003347185.jpg,1126,900,1392,1037,herring
/2017/train/source-images/lanternfish/ST033-948-683-20170520180348306.jpg,212,608,322,698,lanternfish
/2017/train/source-images/lanternfish/ST033-948-683-20170520180348306.jpg,650,713,719,785,lanternfish
/2017/train/source-images/lanternfish/ST033-948-683-20170520180348306.jpg,705,749,795,807,lanternfish
/2017/train/source-images/lanternfish/ST033-948-683-20170520180348306.jpg,333,960,415,1022,lanternfish
/2017/train/source-images/lanternfish/ST033-948-683-20170520180348306.jpg,981,900,1042,935,lanternfish
/2017/train/source-images/lanternfish/ST033-948-683-20170520180348306.jpg,668,1001,695,1038,lanternfish
/2017/train/source-images/lanternfish/ST021-218-20170512223952475.jpg,320,754,361,805,lanternfish
/2017/train/source-images/lanternfish/ST021-218-20170512223952475.jpg,822,988,858,1020,lanternfish
/2017/train/source-images/lanternfish/ST021-73-20170512233853508.jpg,920,408,1087,541,lanternfish
/2017/train/source-images/lanternfish/ST036-987-89-20170522194752437.jpg,1109,332,1215,374,lanternfish
/2017/train/source-images/lanternfish/ST036-852-598-20170522183450820.jpg,529,219,561,282,lanternfish
/2017/train/source-images/lanternfish/ST036-852-598-20170522183450820.jpg,266,116,383,150,lanternfish
/2017/train/source-images/lanternfish/ST036-852-598-20170522183450820.jpg,1072,604,1164,702,lanternfish
/2017/train/source-images/lanternfish/ST036-852-598-20170522183450820.jpg,588,852,664,899,lanternfish
/2017/train/source-images/lanternfish/ST036-852-598-20170522183450820.jpg,1001,917,1077,944,lanternfish
/2017/train/source-images/lanternfish/ST036-852-598-20170522183450820.jpg,1189,891,1283,928,lanternfish
/2017/train/source-images/lanternfish/ST027-482-263-20170517223233317.jpg,923,343,1058,385,lanternfish
/2017/train/source-images/lanternfish/ST030-49-20170518205420995.jpg,422,782,506,829,lanternfish
/2017/train/source-images/lanternfish/ST033-998-98-20170520175722454.jpg,903,458,1045,500,lanternfish
/2017/train/source-images/lanternfish/ST033-998-98-20170520175722454.jpg,732,358,829,391,lanternfish
/2017/train/source-images/lanternfish/ST033-998-98-20170520175722454.jpg,277,125,363,150,lanternfish
